candidate_id,fold,engine_id,n_checkpoints,RMSE,MAE,NASA_sum,signed_bias_mean
rf_w60,1,16,5,35.38120364135611,32.862,145.86115707749292,2.7540000000000022
rf_w60,1,20,5,41.88167010890458,38.212666666666664,312.02607015433733,0.43400000000000033
rf_w60,1,21,5,27.153447335876567,24.468,93.98148612670568,15.760000000000002
rf_w60,1,29,5,22.082960449682066,21.077333333333335,44.04858378042575,17.173333333333332
rf_w60,1,36,5,19.406418697602778,19.160666666666668,30.705837127632336,19.160666666666668
rf_w60,1,40,5,24.49183877675718,21.403333333333336,83.13464768485245,19.49533333333333
rf_w60,1,47,5,32.022968805392026,28.607333333333326,174.45681966662855,27.42733333333333
rf_w60,1,59,5,32.043177086203194,29.785999999999994,194.339162921178,23.365999999999993
rf_w60,1,66,5,27.912772822968815,23.913999999999998,152.3094662340536,14.52866666666667
rf_w60,1,68,5,22.59811137634687,18.111333333333334,83.86592281144605,12.382000000000001
rf_w60,1,69,5,69.72573953235157,55.370000000000005,38691.507622316414,-28.51
rf_w60,1,72,5,34.6844940699571,29.292,536.2192579537566,27.42133333333333
rf_w60,1,76,5,28.733500579559664,24.655333333333335,97.53580105120828,2.5793333333333353
rf_w60,1,79,5,35.351330259427456,30.350666666666665,435.5686644840877,30.350666666666665
rf_w60,1,83,5,41.71007378985988,36.214,383.21856801512746,0.6313333333333304
rf_w60,1,86,5,44.76022994181827,34.702,722.8747226538477,0.02866666666666191
rf_w60,1,95,5,37.34386893007561,31.397333333333336,237.35926102207588,3.020000000000002
rf_w90,1,16,5,31.4965781210171,25.463333333333335,120.56315880360266,-0.9700000000000031
rf_w90,1,20,5,36.28902396042088,31.682000000000006,181.59448917178054,-1.2046666666666652
rf_w90,1,21,5,19.284241177131594,18.448666666666668,28.596896602222365,10.313999999999997
rf_w90,1,29,5,14.380689753199524,11.831333333333331,18.734834851282322,8.328666666666667
rf_w90,1,36,5,15.5075135194381,13.724666666666664,19.629265307120694,13.724666666666664
rf_w90,1,40,5,15.682675508697843,14.772,20.909893965007424,14.772
rf_w90,1,47,5,20.3128072352833,19.052,36.70846397121879,19.052
rf_w90,1,59,5,22.143987194922435,20.618666666666666,45.21011786222556,10.94133333333333
rf_w90,1,66,5,19.132712649630562,14.097333333333335,41.45109972512707,13.338666666666672
rf_w90,1,68,5,16.40170255390174,12.851333333333335,24.819313505169063,10.552666666666667
rf_w90,1,69,5,60.39927747912222,46.29333333333334,9248.363886044399,-21.135999999999996
rf_w90,1,72,5,25.03497806403406,19.551333333333332,96.0953412268585,18.286
rf_w90,1,76,5,27.360775330144914,23.7,71.65686957116897,7.790666666666668
rf_w90,1,79,5,21.433672677458812,19.112000000000002,48.1107741266218,19.112000000000002
rf_w90,1,83,5,30.241725075722044,25.009999999999998,95.72211235331211,3.322
rf_w90,1,86,5,42.74762693868385,31.98266666666667,646.6500449675348,-2.1693333333333342
rf_w90,1,95,5,36.84400457785952,30.840666666666664,224.36171254914638,0.7646666666666662
rf_w90,2,2,5,26.236349466595637,23.868666666666666,53.741258797217114,2.4246666666666714
rf_w90,2,9,5,36.57104996517813,33.13933333333333,360.8219287560661,33.13933333333333
rf_w90,2,13,5,27.366909905536975,26.420666666666666,84.55651169077282,26.420666666666666
rf_w90,2,19,5,21.168596552440604,19.03733333333334,45.98035494518942,19.03733333333334
rf_w90,2,25,5,22.313568965990182,18.848000000000003,36.403966694109556,4.237333333333333
rf_w90,2,39,5,37.65162826639919,29.405333333333335,674.0849928427643,29.405333333333335
rf_w90,2,43,5,19.33803517538544,17.57066666666667,37.66066881767048,17.57066666666667
rf_w90,2,48,5,34.59131991314199,29.744,323.0848023832911,26.304000000000002
rf_w90,2,51,5,28.784418817594126,24.403333333333336,132.71972450020604,24.214000000000006
rf_w90,2,53,5,27.114183045450993,23.68333333333333,165.86201734668245,23.68333333333333
rf_w90,2,55,5,24.976019209544894,19.288666666666664,116.78639345550907,18.047333333333334
rf_w90,2,57,5,49.048944738903394,36.495333333333335,11418.176204719013,36.495333333333335
rf_w90,2,60,5,34.213194108576175,31.334000000000003,311.93763253345736,31.334000000000003
rf_w90,2,75,5,22.605786968040828,18.409333333333333,38.416195919555875,-1.268000000000002
rf_w90,2,78,5,18.293370201614938,15.888666666666671,25.352399271530743,6.690000000000003
rf_w90,2,99,5,41.325484442949296,35.43666666666666,874.8505180843972,35.43666666666666
rf_w90,2,100,5,21.15711485266573,19.63266666666667,42.75734963512156,19.63266666666667
rf_w90,3,3,5,14.49364696072808,14.14466666666667,16.604909194625737,14.14466666666667
rf_w90,3,6,5,9.381711523550013,9.268,6.712711532346942,1.5626666666666658
rf_w90,3,7,5,26.049016488151718,18.026000000000003,71.57599644516343,-7.067333333333335
rf_w90,3,8,5,24.094481571974576,21.943333333333335,69.98617879181386,21.943333333333335
rf_w90,3,10,5,16.113474347748706,13.403333333333336,23.785410974959326,8.504666666666669
rf_w90,3,17,5,33.19090049329116,23.370666666666665,213.87529070055822,-7.522666666666664
rf_w90,3,24,5,65.5977085812539,47.194,538567.6854221956,47.194
rf_w90,3,26,5,13.99616002893492,12.585999999999997,13.5317410600932,5.251333333333333
rf_w90,3,41,5,26.968598447494863,22.794666666666664,117.99449057010916,22.794666666666664
rf_w90,3,45,5,63.32366650787049,46.61933333333333,51165.747897362475,46.61933333333333
rf_w90,3,52,5,17.63418132806599,13.841333333333333,19.227920440558137,0.1573333333333359
rf_w90,3,56,5,42.683247481366216,35.494,408.23862662508986,-7.928666666666669
rf_w90,3,62,5,22.18905731310919,21.33133333333333,44.61633652967615,21.33133333333333
rf_w90,3,73,5,16.433156388499718,14.744666666666669,21.866666786220808,8.511333333333331
rf_w90,3,87,5,13.492123216487796,12.912666666666667,12.141309217062075,1.638000000000001
rf_w90,3,90,5,23.03918275942579,18.27466666666667,76.84140785177229,18.27466666666667
rf_w90,3,91,5,40.06681428148071,34.611333333333334,631.5752936892686,34.611333333333334
rf_w90,4,1,5,15.94582028132904,13.48866666666667,23.162812533529305,13.48866666666667
rf_w90,4,11,5,22.33119860444377,21.196000000000005,46.12234668708305,12.038666666666668
rf_w90,4,23,5,22.551481399973113,20.81533333333333,54.31031916263406,20.81533333333333
rf_w90,4,28,5,38.435157343245,32.238666666666674,1080.4498572849611,32.238666666666674
rf_w90,4,44,5,22.931486602001574,21.832666666666665,55.00796767779619,21.832666666666665
rf_w90,4,54,5,21.985743512052938,19.014,33.795858927920534,2.927333333333332
rf_w90,4,58,5,31.185832538367652,26.347999999999995,247.95712340218975,26.347999999999995
rf_w90,4,61,5,37.446483353654926,31.822666666666663,585.7513894319844,31.822666666666663
rf_w90,4,63,5,21.53990730404072,20.739333333333338,42.21403541598769,20.739333333333338
rf_w90,4,65,5,32.80977804794716,28.968666666666667,268.8179306602171,28.968666666666667
rf_w90,4,67,5,62.817136922269164,48.87266666666667,9119.606459999311,-0.176666666666668
rf_w90,4,70,5,41.46181571304159,36.22333333333334,674.2430896339067,36.22333333333334
rf_w90,4,71,5,20.680452659993254,17.540666666666663,30.915027144867647,1.4579999999999997
rf_w90,4,82,5,14.598564769638596,13.53866666666666,16.725112105926215,13.53866666666666
rf_w90,4,85,5,23.608206388645634,20.871999999999996,76.90061352004892,20.871999999999996
rf_w90,4,92,5,64.16700292552586,48.522000000000006,22713.867480653014,-9.934000000000003
rf_w90,4,94,5,40.571546515589795,31.99333333333333,374.1102412996246,-8.834666666666667
rf_w90,5,4,5,18.63161977809647,17.381999999999998,29.13654467701756,14.996666666666664
rf_w90,5,5,5,30.020000407135978,24.78733333333333,92.12484332711459,-6.249999999999998
rf_w90,5,12,5,30.95049750093777,27.39133333333333,256.19250724290566,27.39133333333333
rf_w90,5,14,5,14.834783524616132,13.328666666666667,18.494839487504052,13.328666666666667
rf_w90,5,15,5,14.058182196381816,12.906,15.981926348665986,10.209999999999997
rf_w90,5,18,5,25.99764647467578,24.91733333333333,80.18012976650624,24.91733333333333
rf_w90,5,30,5,26.109686580526642,21.51866666666666,106.5840401639951,21.51866666666666
rf_w90,5,32,5,27.270799727506667,25.77,92.59095614832933,25.77
rf_w90,5,35,5,12.016900413815351,11.063333333333334,11.731833651402114,11.063333333333334
rf_w90,5,37,5,13.021442060437595,11.991333333333332,13.719648390366629,11.991333333333332
rf_w90,5,42,5,23.235549583438836,20.390666666666668,69.33032570825875,13.250666666666671
rf_w90,5,64,5,47.68029052390982,35.206,1699.0951489981576,-7.43533333333333
rf_w90,5,74,5,36.44309298984743,32.29733333333333,387.1089765572865,32.29733333333333
rf_w90,5,80,5,26.043312897299888,24.350666666666665,74.02046257867761,24.350666666666665
rf_w90,5,89,5,19.63546275945076,17.652666666666665,33.01657042220209,11.206
rf_w90,5,96,5,64.38534595180283,45.55866666666667,27488.53902910015,-18.29733333333333
rf_w90,5,98,5,27.556885286016396,16.667333333333335,419.1311694035289,14.672666666666668
xgb_w60_d6,1,16,5,40.01600914798309,36.48097915649414,252.1427260759757,2.6068763732910156
xgb_w60_d6,1,20,5,36.67529650500577,31.81082763671875,252.48735919806737,7.1497650146484375
xgb_w60_d6,1,21,5,28.2191142503117,26.5588737487793,102.84008194085669,16.959535980224608
xgb_w60_d6,1,29,5,17.283432939597876,16.186812973022462,24.856223031398883,16.186812973022462
xgb_w60_d6,1,36,5,20.823424808276958,19.4663387298584,43.136854819430795,19.4663387298584
xgb_w60_d6,1,40,5,22.810166284738994,19.5037841796875,76.9304638142221,19.5037841796875
xgb_w60_d6,1,47,5,27.823402406411926,26.15196990966797,88.91677131306793,26.15196990966797
xgb_w60_d6,1,59,5,30.705934485696318,27.261973571777343,132.27550126785908,17.649790954589843
xgb_w60_d6,1,66,5,27.59524970362144,22.406797027587892,161.76616241492624,15.541754913330077
xgb_w60_d6,1,68,5,18.413006564337667,13.048142242431641,45.28787370719207,10.496524810791016
xgb_w60_d6,1,69,5,62.768881206496765,49.899009704589844,9420.737712440286,-17.089308166503905
xgb_w60_d6,1,72,5,30.3506596735469,27.48100357055664,154.72948671377344,27.48100357055664
xgb_w60_d6,1,76,5,26.221464816625485,22.83901901245117,102.60186908948404,8.145183563232422
xgb_w60_d6,1,79,5,27.607143851532015,25.92970962524414,88.1530228382737,25.92970962524414
xgb_w60_d6,1,83,5,37.661104862528596,33.2150375366211,229.26206480971564,8.987022399902344
xgb_w60_d6,1,86,5,37.81506526455549,28.074632263183595,299.6283231189168,0.5199569702148438
xgb_w60_d6,1,95,5,33.61738705392171,27.953870391845705,150.66559557716857,2.204584503173828
xgb_w60_d6,2,2,5,37.73722646388742,33.93978424072266,299.09994232833367,18.453450012207032
xgb_w60_d6,2,9,5,39.83438616954592,37.14243927001953,337.5792081385247,33.73428497314453
xgb_w60_d6,2,13,5,34.25699182294825,33.69596557617187,171.4147975937783,33.69596557617187
xgb_w60_d6,2,19,5,22.7895097985378,22.367671966552734,46.33445531395978,22.367671966552734
xgb_w60_d6,2,25,5,31.439292144737614,26.295758056640626,235.71043618807576,16.211358642578126
xgb_w60_d6,2,39,5,37.40998034610944,33.876406860351565,499.61363206070956,33.876406860351565
xgb_w60_d6,2,43,5,29.17807818313823,26.214566040039063,131.3369346627388,26.214566040039063
xgb_w60_d6,2,48,5,36.02162637834832,30.7588623046875,416.1327224949562,22.317919921875
xgb_w60_d6,2,51,5,41.521740971439016,36.27984466552734,628.8470674255813,36.27984466552734
xgb_w60_d6,2,53,5,51.91600921220461,47.8257453918457,3756.797687941189,47.8257453918457
xgb_w60_d6,2,55,5,32.82140084024519,28.009664916992186,267.7755327110454,28.009664916992186
xgb_w60_d6,2,57,5,48.77136279466312,42.889055252075195,3561.576982816146,42.889055252075195
xgb_w60_d6,2,60,5,38.50088069896811,38.22238998413086,254.62811812407023,38.22238998413086
xgb_w60_d6,2,75,5,33.87865590592031,29.15345001220703,281.07000651640374,12.618251037597656
xgb_w60_d6,2,78,5,30.839718054650422,27.613631439208984,177.18217730996662,22.942507171630858
xgb_w60_d6,2,99,5,47.821314318050135,45.28968505859375,1650.4921552964518,45.28968505859375
xgb_w60_d6,2,100,5,32.78921852047323,29.998016357421875,166.23967139648838,28.069580078125
xgb_w60_d6,3,3,5,30.827671730042752,30.194667053222656,119.34958646714733,30.194667053222656
xgb_w60_d6,3,6,5,23.06908335232619,20.457112884521486,57.72023978054938,18.04823226928711
xgb_w60_d6,3,7,5,37.33670318903201,34.58918838500976,228.77502152015995,10.953629302978516
xgb_w60_d6,3,8,5,38.29953205142173,37.620669555664065,257.70430086917696,37.620669555664065
xgb_w60_d6,3,10,5,26.370804460052735,23.923074340820314,77.0408869337288,23.923074340820314
xgb_w60_d6,3,17,5,46.29752860660414,39.969720458984376,609.0609754158352,-0.8335968017578125
xgb_w60_d6,3,24,5,31.84552240646129,30.503088760375977,142.24982558597517,30.503088760375977
xgb_w60_d6,3,26,5,26.620368530964527,22.4199462890625,140.67223594867076,12.019024658203126
xgb_w60_d6,3,41,5,23.834214578898724,20.16344757080078,64.91611314529466,19.436805725097656
xgb_w60_d6,3,45,5,40.16788166627256,34.8712875366211,769.584006968676,34.8712875366211
xgb_w60_d6,3,52,5,33.23381276226015,29.78962936401367,238.15835146778278,16.87636032104492
xgb_w60_d6,3,56,5,45.120679393344254,40.708597564697264,350.878157874199,-14.448760223388671
xgb_w60_d6,3,62,5,36.646821108000786,35.993489837646486,212.13299010061587,35.993489837646486
xgb_w60_d6,3,73,5,30.473698008632507,23.44023742675781,321.0152549811994,15.898233032226562
xgb_w60_d6,3,87,5,22.800480340936215,21.27845687866211,52.47077052809665,16.775096893310547
xgb_w60_d6,3,90,5,33.35796693177211,30.02720489501953,253.08262667594656,30.02720489501953
xgb_w60_d6,3,91,5,31.435408860415137,30.290209579467774,147.26948596789518,30.290209579467774
xgb_w60_d6,4,1,5,27.51428389495177,24.328520202636717,92.1315552257676,23.687901306152344
xgb_w60_d6,4,11,5,31.589545411734715,29.70321578979492,158.68171710388788,22.6870475769043
xgb_w60_d6,4,23,5,33.330144354560154,32.84747123718262,148.40648398705744,32.84747123718262
xgb_w60_d6,4,28,5,44.45723278245079,40.48580474853516,1323.7635886782314,40.48580474853516
xgb_w60_d6,4,44,5,29.511298360893683,27.138833236694335,116.3940061015028,27.138833236694335
xgb_w60_d6,4,54,5,34.261406578109295,30.349005126953124,267.64588487574053,15.4216552734375
xgb_w60_d6,4,58,5,33.416464118076554,31.31126480102539,186.45571480875344,31.31126480102539
xgb_w60_d6,4,61,5,38.6075052968446,36.5989501953125,333.8044939617252,36.5989501953125
xgb_w60_d6,4,63,5,30.382381586436527,30.14984130859375,105.17764997436998,30.14984130859375
xgb_w60_d6,4,65,5,35.1788266834204,33.94433822631836,200.45676395127416,33.94433822631836
xgb_w60_d6,4,67,5,62.031498537672775,53.56171569824219,3749.6445778299258,-3.4088348388671874
xgb_w60_d6,4,70,5,44.93276444632853,40.357997512817384,1099.4059691520333,40.357997512817384
xgb_w60_d6,4,71,5,28.534492178983076,24.479241180419923,188.4710387489999,15.069579315185546
xgb_w60_d6,4,82,5,32.670141826708615,30.771002197265624,199.89703667663053,30.771002197265624
xgb_w60_d6,4,85,5,31.809873280006357,30.830001831054688,140.08216863336045,30.830001831054688
xgb_w60_d6,4,92,5,56.010675655114845,45.67003479003906,2753.106494557457,-7.316183471679688
xgb_w60_d6,4,94,5,39.071319710142156,33.622903442382814,305.69709085923546,-1.8838104248046874
xgb_w60_d6,5,4,5,30.04983253823654,28.757247161865234,122.74910602902251,28.757247161865234
xgb_w60_d6,5,5,5,31.47177763449551,27.652024841308595,134.8448460096981,6.222874450683594
xgb_w60_d6,5,12,5,32.14024236877809,31.369615936279295,151.12398247120922,31.369615936279295
xgb_w60_d6,5,14,5,25.576443994821886,24.294080352783205,67.46227777673745,24.294080352783205
xgb_w60_d6,5,15,5,27.41348883183924,24.371031188964842,110.12520703835743,22.740330505371094
xgb_w60_d6,5,18,5,27.829447408696215,26.165689849853514,100.56835996351315,26.165689849853514
xgb_w60_d6,5,30,5,37.961142302748264,34.96560363769531,459.85946626039635,34.96560363769531
xgb_w60_d6,5,32,5,29.241463614513584,27.808403778076173,111.63049708196218,27.808403778076173
xgb_w60_d6,5,35,5,23.530412440713725,20.741596221923828,59.062784112437086,19.13443069458008
xgb_w60_d6,5,37,5,20.74433956780464,20.083532333374023,36.31698009991716,20.083532333374023
xgb_w60_d6,5,42,5,33.840471379299736,30.962852478027344,236.80491327567944,30.962852478027344
xgb_w60_d6,5,64,5,45.27512373300263,38.40852813720703,638.3631529527238,4.164845275878906
xgb_w60_d6,5,74,5,50.55410851548233,46.595524597167966,3345.852070096829,46.595524597167966
xgb_w60_d6,5,80,5,35.19182004356578,32.63235244750977,237.24595131446307,32.63235244750977
xgb_w60_d6,5,89,5,32.06412448388554,30.11031723022461,162.28421341795143,23.229671478271484
xgb_w60_d6,5,96,5,55.3680036059537,51.78941802978515,1211.4684001910236,-0.46076507568359376
xgb_w60_d6,5,98,5,18.318655984528064,17.77475051879883,27.591353599242037,17.77475051879883
xgb_w90_d6,1,16,5,31.589738450759942,27.16453628540039,104.07085709434668,-2.851366424560547
xgb_w90_d6,1,20,5,28.681189018781183,24.2921875,90.0873835081924,6.899313354492188
xgb_w90_d6,1,21,5,20.343793676459086,18.95142936706543,32.5037432361662,9.122468185424804
xgb_w90_d6,1,29,5,12.636516703191806,10.777482986450195,14.235356930631905,10.777482986450195
xgb_w90_d6,1,36,5,13.421454523811816,11.368703079223632,15.08472322105806,11.368703079223632
xgb_w90_d6,1,40,5,12.992139695735622,12.003611755371093,14.12892897914033,12.003611755371093
xgb_w90_d6,1,47,5,14.336867613401862,14.19843635559082,16.070456027875146,14.19843635559082
xgb_w90_d6,1,59,5,21.362079413658076,20.44410858154297,37.77179772198357,8.678028869628907
xgb_w90_d6,1,66,5,17.99045610471474,11.919213104248048,34.48298939838752,11.695665740966797
xgb_w90_d6,1,68,5,13.162052977990388,11.491690826416015,12.40164205699869,5.072547149658203
xgb_w90_d6,1,69,5,54.99341142444534,45.07461090087891,2668.903204520241,-23.37013397216797
xgb_w90_d6,1,72,5,26.125748720833858,19.001648712158204,147.57060090001386,14.118500518798829
xgb_w90_d6,1,76,5,19.70782518937895,17.150428771972656,43.59826847888696,9.506333923339843
xgb_w90_d6,1,79,5,15.786620308668539,14.747869110107422,20.419032538610896,14.747869110107422
xgb_w90_d6,1,83,5,25.769459910072573,21.074779510498047,57.31928450262426,3.2331474304199217
xgb_w90_d6,1,86,5,34.53785156037153,23.323703002929687,226.72647183384143,-4.8657989501953125
xgb_w90_d6,1,95,5,37.42029961734725,27.594612884521485,339.0893546138688,-4.0589149475097654
xgb_w90_d6,2,2,5,27.739220523907633,25.167224884033203,65.66721659432629,8.750965118408203
xgb_w90_d6,2,9,5,31.940454436713182,27.66240997314453,195.86633610048455,27.446205139160156
xgb_w90_d6,2,13,5,30.275306453352215,29.058246231079103,132.01813672302274,29.058246231079103
xgb_w90_d6,2,19,5,16.353860297715187,15.799993896484375,21.435900166206174,15.799993896484375
xgb_w90_d6,2,25,5,25.91696254422661,22.063082885742187,65.13444145331027,7.814279174804687
xgb_w90_d6,2,39,5,42.8069104740721,35.47619476318359,1378.2816374292452,35.47619476318359
xgb_w90_d6,2,43,5,20.784247394903968,20.336468124389647,36.73437732509191,20.336468124389647
xgb_w90_d6,2,48,5,33.75115318142014,28.285358428955078,259.7600038798515,23.26950149536133
xgb_w90_d6,2,51,5,32.23983289381455,26.3694206237793,248.43413864576328,26.3694206237793
xgb_w90_d6,2,53,5,32.45954425792563,29.17772445678711,332.89589009030374,29.17772445678711
xgb_w90_d6,2,55,5,26.25806620835288,23.351344299316406,98.02020480578884,23.351344299316406
xgb_w90_d6,2,57,5,42.76553138014896,35.68950309753418,1799.3356711042366,35.68950309753418
xgb_w90_d6,2,60,5,34.71866219516988,32.56735000610352,231.05445765040076,32.56735000610352
xgb_w90_d6,2,75,5,22.31318873666781,18.11310729980469,39.16134590105489,0.192340087890625
xgb_w90_d6,2,78,5,16.221541618196035,15.282965469360352,20.305473791709947,5.924969863891602
xgb_w90_d6,2,99,5,43.634245856610896,37.23712501525879,1320.0271247392584,37.23712501525879
xgb_w90_d6,2,100,5,23.174982488992757,22.287404251098632,49.90412303794876,22.287404251098632
xgb_w90_d6,3,3,5,22.58163327246136,21.90550003051758,48.00655481681647,21.90550003051758
xgb_w90_d6,3,6,5,14.189168612594441,12.941656494140625,15.90687655012043,10.079730224609374
xgb_w90_d6,3,7,5,25.462543586232506,20.549144744873047,51.57988522729037,-2.762351226806641
xgb_w90_d6,3,8,5,29.523108645326346,28.365663146972658,113.30321152438117,28.365663146972658
xgb_w90_d6,3,10,5,13.343584291149583,11.693000793457031,14.675130089786656,11.693000793457031
xgb_w90_d6,3,17,5,38.29315131196418,30.30476303100586,288.52805589118094,-6.414041900634766
xgb_w90_d6,3,24,5,29.740745597735682,27.253358840942383,153.79619033827714,27.253358840942383
xgb_w90_d6,3,26,5,16.35594224155074,15.03115005493164,22.051226199539975,7.503675079345703
xgb_w90_d6,3,41,5,13.052938058999352,10.865265655517579,15.059852752163977,10.865265655517579
xgb_w90_d6,3,45,5,40.34035263023164,32.57255554199219,1214.9671450726714,32.57255554199219
xgb_w90_d6,3,52,5,16.90925430040269,14.611878967285156,19.265596007617255,4.148359680175782
xgb_w90_d6,3,56,5,38.14294798931186,34.99658355712891,184.83342590707946,-9.002836608886719
xgb_w90_d6,3,62,5,27.93926408243837,27.50763816833496,84.04401244801694,27.50763816833496
xgb_w90_d6,3,73,5,20.494064556871315,18.137960052490236,38.55656683005067,12.817269134521485
xgb_w90_d6,3,87,5,12.90972265174752,11.811589813232422,13.303441345848434,10.441875457763672
xgb_w90_d6,3,90,5,27.229136169558547,22.873703384399413,130.53698215910478,22.873703384399413
xgb_w90_d6,3,91,5,34.14194632114914,31.648352813720702,242.42050854053753,31.648352813720702
xgb_w90_d6,4,1,5,17.396640769303346,15.38689308166504,29.37438315249902,12.933627700805664
xgb_w90_d6,4,11,5,20.288731969261157,18.839655303955077,36.07815229193045,13.032514190673828
xgb_w90_d6,4,23,5,22.221394483227193,21.698807525634766,44.03937359222342,21.698807525634766
xgb_w90_d6,4,28,5,37.4049120482164,31.851305389404295,590.272725652487,31.851305389404295
xgb_w90_d6,4,44,5,34.25577611456778,28.603068542480468,577.9979206981835,28.603068542480468
xgb_w90_d6,4,54,5,20.246560933799522,18.582094573974608,33.48397490005468,9.40475082397461
xgb_w90_d6,4,58,5,28.436336400289377,24.79831314086914,132.79304958233914,24.79831314086914
xgb_w90_d6,4,61,5,31.038339147288507,26.89585647583008,241.15450946056657,26.89585647583008
xgb_w90_d6,4,63,5,22.2038705935197,21.199712371826173,45.52511955701456,21.199712371826173
xgb_w90_d6,4,65,5,32.602957215188766,29.301170921325685,194.66126765407714,29.301170921325685
xgb_w90_d6,4,67,5,53.44841988340205,40.363458251953126,2830.083917119384,-5.371270751953125
xgb_w90_d6,4,70,5,43.11686747978769,35.53683376312256,1158.2085602617403,35.53683376312256
xgb_w90_d6,4,71,5,24.92619963863165,22.04641647338867,56.2962815878497,1.4956657409667968
xgb_w90_d6,4,82,5,16.42407280388409,15.39129409790039,23.071862936590144,15.39129409790039
xgb_w90_d6,4,85,5,25.091576736041798,24.301359558105467,65.11366561001026,24.301359558105467
xgb_w90_d6,4,92,5,47.97482633989688,38.52837448120117,1080.7564370010498,-17.42868423461914
xgb_w90_d6,4,94,5,39.50950946700959,32.88906326293945,257.23885784950744,-7.22558822631836
xgb_w90_d6,5,4,5,19.74537206745869,18.66749496459961,32.568357853324684,18.66749496459961
xgb_w90_d6,5,5,5,23.579258618331878,18.319070434570314,37.92624715911904,-6.920172119140625
xgb_w90_d6,5,12,5,26.578574168949864,23.385873794555664,124.63784419127143,23.385873794555664
xgb_w90_d6,5,14,5,14.681931117460605,12.778358459472656,18.072990192911867,11.521589660644532
xgb_w90_d6,5,15,5,12.7635398156634,11.579856872558594,13.396220724505962,7.468284606933594
xgb_w90_d6,5,18,5,26.51032550552167,26.205123138427734,69.26362053651323,26.205123138427734
xgb_w90_d6,5,30,5,25.293805048282717,22.7486873626709,81.77949887322497,22.7486873626709
xgb_w90_d6,5,32,5,25.461700593173326,25.068981170654297,62.808264840990034,25.068981170654297
xgb_w90_d6,5,35,5,10.642245212377766,8.569562530517578,9.153741548525069,7.8825630187988285
xgb_w90_d6,5,37,5,14.122845246087518,13.827278518676758,15.865112388335524,13.827278518676758
xgb_w90_d6,5,42,5,13.881243500706779,13.346821594238282,14.655375507043102,8.343977355957032
xgb_w90_d6,5,64,5,42.68131670728069,30.765557098388673,776.5305931760458,-12.130677032470704
xgb_w90_d6,5,74,5,36.240808232491254,32.17537384033203,354.2893006746499,32.17537384033203
xgb_w90_d6,5,80,5,26.149104603724712,24.069324493408203,76.46019294084078,24.069324493408203
xgb_w90_d6,5,89,5,18.252128663486683,15.624169158935548,34.02220740523206,10.298241424560548
xgb_w90_d6,5,96,5,55.18198823458943,39.74399948120117,6485.590866051874,-13.842078399658202
xgb_w90_d6,5,98,5,18.124064077585825,12.74184341430664,47.2023800414544,12.74184341430664
gru_w45_huber,1,16,5,36.08006255064177,28.05033130645752,151.34499494500213,-28.05033130645752
gru_w45_huber,1,20,5,17.512057758802587,13.196035957336425,17.440607671855844,-8.26452808380127
gru_w45_huber,1,21,5,33.684224192272154,26.555950546264647,290.09582115063387,9.014342880249023
gru_w45_huber,1,29,5,18.426605538402363,14.834628868103028,33.81697158743906,12.754999351501464
gru_w45_huber,1,36,5,14.716208582999878,12.181731414794921,19.05116416301745,9.757732391357422
gru_w45_huber,1,40,5,14.904546503259116,11.107338333129883,11.386056444245007,-11.107338333129883
gru_w45_huber,1,47,5,21.335112400725336,11.949749183654784,37.400219497760034,-10.64277286529541
gru_w45_huber,1,59,5,14.114661108007375,10.382363510131835,9.569359079965018,-9.617831039428712
gru_w45_huber,1,66,5,44.941588973924866,31.55513200759888,876.3040895592861,-31.55513200759888
gru_w45_huber,1,68,5,12.578344326388013,9.224019813537598,9.079492507776282,-1.0824701309204101
gru_w45_huber,1,69,5,61.63738378203463,42.79840202331543,8665.510750431047,-40.71660270690918
gru_w45_huber,1,72,5,12.050469170651942,7.350191116333008,13.935093569572132,6.766060256958008
gru_w45_huber,1,76,5,4.226027051213146,3.5586407661437987,1.863552179537789,-1.3560040473937989
gru_w45_huber,1,79,5,7.276330476379816,5.600834083557129,4.728008634953877,4.133217430114746
gru_w45_huber,1,83,5,36.496947151925774,25.961645889282227,270.2903113866461,-22.68067283630371
gru_w45_huber,1,86,5,37.33413716460672,27.691098976135255,176.90815597164092,-27.691098976135255
gru_w45_huber,1,95,5,33.68883502685622,23.75078430175781,157.14111863835112,-23.553321838378906
gru_w45_huber,2,2,5,44.784649648946335,31.792261123657227,1335.2900930962874,-30.310744857788087
gru_w45_huber,2,9,5,14.643313157402028,10.729558277130128,21.98432561467452,7.691636180877685
gru_w45_huber,2,13,5,30.832376047617803,21.340402793884277,355.9603184584148,21.340402793884277
gru_w45_huber,2,19,5,23.742434483638228,15.623970031738281,143.11702806453468,8.470893859863281
gru_w45_huber,2,25,5,18.13035686838145,15.547480964660645,19.543166745395094,-3.297856330871582
gru_w45_huber,2,39,5,24.10616189001427,15.623850059509277,175.29298246918515,15.623850059509277
gru_w45_huber,2,43,5,15.588708489709065,10.822499847412109,13.056511521994592,-10.822499847412109
gru_w45_huber,2,48,5,8.696559730640674,6.507590866088867,4.844637538413446,-0.27342948913574217
gru_w45_huber,2,51,5,6.064272335914268,4.375347137451172,2.690342627958378,-1.3087455749511718
gru_w45_huber,2,53,5,13.30228143061843,11.606926727294923,12.767341037649462,5.658592987060547
gru_w45_huber,2,55,5,21.999212829006304,15.429183006286621,68.81088158748047,13.997603416442871
gru_w45_huber,2,57,5,31.804894959606134,23.991409873962404,324.3844951067686,23.991409873962404
gru_w45_huber,2,60,5,25.879179673898076,19.088172149658202,147.04551333445724,19.022771453857423
gru_w45_huber,2,75,5,16.242849999952487,10.152431106567382,15.389332373207983,-8.543400955200195
gru_w45_huber,2,78,5,15.69385032261074,11.091256523132325,13.510334303102011,-9.807635688781739
gru_w45_huber,2,99,5,31.604620386357453,20.27432327270508,812.9258207687936,11.70694808959961
gru_w45_huber,2,100,5,19.17805229278961,16.03250198364258,24.460945800555294,-0.12595901489257813
gru_w45_huber,3,3,5,23.57454216473278,17.422628021240236,91.44445877201007,17.27352523803711
gru_w45_huber,3,6,5,12.124010191311342,9.740069007873535,9.107035115890938,-1.7537286758422852
gru_w45_huber,3,7,5,18.00819681776438,16.29198760986328,16.93254528844188,-9.19568328857422
gru_w45_huber,3,8,5,16.346820941249046,10.317706680297851,35.23399757228444,6.315670394897461
gru_w45_huber,3,10,5,12.263573201533248,9.36989459991455,12.250049424387647,6.791627693176269
gru_w45_huber,3,17,5,32.265082485130634,24.72474937438965,107.0425145398004,-24.72474937438965
gru_w45_huber,3,24,5,24.541038536324606,19.632300567626952,95.54268879201175,19.632300567626952
gru_w45_huber,3,26,5,20.956670673850095,15.672231292724609,37.98078661944044,-1.566338348388672
gru_w45_huber,3,41,5,10.643849384744414,7.437463188171387,9.935781774412332,5.061887931823731
gru_w45_huber,3,45,5,33.42793114386663,26.59294376373291,404.80821456181314,26.59294376373291
gru_w45_huber,3,52,5,23.155205787227587,18.220074081420897,29.62877065952361,-17.81402244567871
gru_w45_huber,3,56,5,36.1949851289835,31.74090031385422,159.7429454200355,-31.74090031385422
gru_w45_huber,3,62,5,9.20954360050593,8.350591468811036,7.004609686740737,4.921408653259277
gru_w45_huber,3,73,5,12.868115703627039,9.879388999938964,8.320656537779149,-9.879388999938964
gru_w45_huber,3,87,5,4.426521670554764,2.818227767944336,1.957960215115823,0.9652225494384765
gru_w45_huber,3,90,5,34.26489819031051,25.887395095825195,877.6728131319206,25.887395095825195
gru_w45_huber,3,91,5,4.404490687484886,2.7579830169677733,2.034868116460805,2.7004146575927734
gru_w45_huber,4,1,5,21.25813920198947,12.486302375793457,95.259181280816,11.316285514831543
gru_w45_huber,4,11,5,15.310238308865461,10.338350677490235,11.295439998777091,-9.050099945068359
gru_w45_huber,4,23,5,29.06587784638389,17.816356945037843,544.8200976913846,12.350854969024658
gru_w45_huber,4,28,5,15.72912234847807,12.04612421989441,22.281100992318862,10.164723253250122
gru_w45_huber,4,44,5,26.51890078592594,17.173059272766114,176.68358346544588,17.064924812316896
gru_w45_huber,4,54,5,22.454449635032134,17.462516593933106,28.00253377533129,-17.462516593933106
gru_w45_huber,4,58,5,19.964883766163343,15.14830560684204,47.969671440647225,14.368201351165771
gru_w45_huber,4,61,5,30.61410120773551,23.315138244628905,330.89640451062786,22.260169982910156
gru_w45_huber,4,63,5,26.134064168142576,17.072148895263673,277.1839755713674,8.534293365478515
gru_w45_huber,4,65,5,24.04235356122588,18.722208118438722,92.8686460078628,18.293145275115968
gru_w45_huber,4,67,5,49.748695491647,34.77053737640381,2717.030145995564,-34.77053737640381
gru_w45_huber,4,70,5,45.17051710248333,32.71356964111328,5839.822929390277,32.71356964111328
gru_w45_huber,4,71,5,15.947777041699036,12.434808921813964,13.022043753328656,-7.218856239318848
gru_w45_huber,4,82,5,8.8349980683125,7.906822967529297,5.582278351184973,-0.9624137878417969
gru_w45_huber,4,85,5,9.425800335848471,8.048444938659667,7.160367992374421,2.8406740188598634
gru_w45_huber,4,92,5,31.852791681890007,25.327964973449706,126.6664986671472,-25.327964973449706
gru_w45_huber,4,94,5,37.26704403644063,26.564586067199706,243.20241247453808,-25.30315570831299
gru_w45_huber,5,4,5,29.237429724328965,18.553993701934814,433.3551402804626,6.681659984588623
gru_w45_huber,5,5,5,13.406027834747148,12.31538724899292,8.97153090661116,-12.31538724899292
gru_w45_huber,5,12,5,17.5938673304193,13.798457717895507,31.319291175781622,11.927592086791993
gru_w45_huber,5,14,5,10.270986346424966,6.322663116455078,9.343943193070647,4.218830108642578
gru_w45_huber,5,15,5,10.514577060117446,8.044587993621827,9.09081766941462,0.39313173294067383
gru_w45_huber,5,18,5,18.25145262681714,11.57650032043457,53.33932857775533,8.789226150512695
gru_w45_huber,5,30,5,16.555133582132076,10.336420345306397,36.53676994917484,7.2709832191467285
gru_w45_huber,5,32,5,6.253297789255966,5.771996402740479,3.7193949764996566,0.7705328941345215
gru_w45_huber,5,35,5,11.726199307101272,9.271245574951172,9.800508681290044,3.936837005615234
gru_w45_huber,5,37,5,7.06904573809514,5.533216762542724,3.5593362948186336,-0.8306258201599122
gru_w45_huber,5,42,5,18.264364131742557,11.979537200927734,50.584548440065106,8.330196380615234
gru_w45_huber,5,64,5,33.43044352965864,28.91617774963379,94.4205665658267,-28.91617774963379
gru_w45_huber,5,74,5,42.19977253685581,33.38620328903198,1407.330530771736,32.33415803909302
gru_w45_huber,5,80,5,11.1370797956138,8.42043514251709,10.239663982924588,4.994370079040527
gru_w45_huber,5,89,5,6.233999492782888,5.314845848083496,3.0612357642582575,-2.0647298812866213
gru_w45_huber,5,96,5,30.099188959151167,22.571325874328615,97.40546264929684,-21.2043550491333
gru_w45_huber,5,98,5,24.12282664008841,16.225279998779296,153.77034978394568,16.225279998779296
lstm_w45_huber,1,16,5,29.21593432083176,20.922372341156006,93.69763349372448,-19.76891622543335
lstm_w45_huber,1,20,5,24.725992363359218,17.871726036071777,44.97051457335288,-13.55530605316162
lstm_w45_huber,1,21,5,25.063255440473977,20.02178535461426,61.28495566118992,6.415999221801758
lstm_w45_huber,1,29,5,32.6232137558213,21.568542671203613,833.1341528203869,21.354452323913574
lstm_w45_huber,1,36,5,17.60261907032112,12.572164916992188,23.232833141873204,1.3332557678222656
lstm_w45_huber,1,40,5,22.379270407534943,13.231281948089599,43.98237530098989,-10.860478115081786
lstm_w45_huber,1,47,5,29.422161558169783,20.248737716674803,425.952407334513,8.947674179077149
lstm_w45_huber,1,59,5,11.797166183439828,9.441281509399413,11.254968109933554,7.746053695678711
lstm_w45_huber,1,66,5,16.070277034605404,12.777870559692383,12.876899882474184,-12.777870559692383
lstm_w45_huber,1,68,5,14.960221868783801,11.705997657775878,14.109246826035244,-0.37161808013916015
lstm_w45_huber,1,69,5,40.35925560733288,28.6787748336792,346.8597466009298,-28.6787748336792
lstm_w45_huber,1,72,5,19.380722492791413,13.258941841125488,59.212179358841276,3.365184211730957
lstm_w45_huber,1,76,5,12.84130665422992,9.741503143310547,13.842413605873865,5.607238006591797
lstm_w45_huber,1,79,5,23.494409711540108,18.951035690307616,70.18842674900148,18.70421943664551
lstm_w45_huber,1,83,5,15.19931183177784,10.025183486938477,12.603382385163933,-10.025183486938477
lstm_w45_huber,1,86,5,38.319848399794225,29.29119873046875,217.64199423333253,-29.29119873046875
lstm_w45_huber,1,95,5,13.435909974497136,10.777852630615234,13.650813760880059,1.078759002685547
lstm_w45_huber,2,2,5,26.12556027378132,21.667539978027342,48.28289657089862,-20.442767333984374
lstm_w45_huber,2,9,5,10.02107720793466,7.954370403289795,8.484112490956784,4.130105304718017
lstm_w45_huber,2,13,5,19.257257461584032,15.898793983459473,38.437760358317206,15.898793983459473
lstm_w45_huber,2,19,5,19.144819276739067,12.450285911560059,57.33665492430007,8.979283714294434
lstm_w45_huber,2,25,5,22.86902407723052,12.455484771728516,49.884348135150454,-10.135686492919922
lstm_w45_huber,2,39,5,18.441406478759426,12.535245227813721,52.65870400102244,12.535245227813721
lstm_w45_huber,2,43,5,13.62301158860408,11.103930759429932,10.038230661579856,-5.515005588531494
lstm_w45_huber,2,48,5,11.104953656629347,9.409210777282714,7.204639738547696,-4.972281455993652
lstm_w45_huber,2,51,5,9.947397034535381,8.756196212768554,7.01475320298165,0.7102519989013671
lstm_w45_huber,2,53,5,20.247890564756396,12.430987548828124,74.65758173713678,12.430987548828124
lstm_w45_huber,2,55,5,14.963376548932313,9.755236625671387,24.171110500504952,8.941128730773926
lstm_w45_huber,2,57,5,32.58792327353035,25.68072566986084,349.98068512460515,25.68072566986084
lstm_w45_huber,2,60,5,13.071306388688626,9.701477241516113,16.454552701092442,9.701477241516113
lstm_w45_huber,2,75,5,20.393609769203216,13.900641250610352,27.278989236754853,-13.900641250610352
lstm_w45_huber,2,78,5,6.642244734250196,5.217568969726562,3.046850457390354,-2.755401611328125
lstm_w45_huber,2,99,5,42.567620435917256,25.667644500732422,9602.469358586934,24.54562759399414
lstm_w45_huber,2,100,5,16.969810858050344,14.436402130126954,19.547388106883425,4.749765777587891
lstm_w45_huber,3,3,5,10.271144382034576,8.410976600646972,8.893895169839702,8.410976600646972
lstm_w45_huber,3,6,5,6.333110334312061,5.1042286396026615,3.4738950934588955,0.2714213848114014
lstm_w45_huber,3,7,5,20.982975865443507,14.893776321411133,25.101016267429607,-14.40699577331543
lstm_w45_huber,3,8,5,16.68790054328858,10.893056488037109,36.99775753680465,8.071785736083985
lstm_w45_huber,3,10,5,12.701407759937007,9.195121002197265,13.758410523930838,9.137030792236327
lstm_w45_huber,3,17,5,42.0146730820822,29.644157028198244,586.5274002364893,-29.52715644836426
lstm_w45_huber,3,24,5,15.202875661045491,12.726666450500488,19.16087792608771,12.726666450500488
lstm_w45_huber,3,26,5,25.90052047127379,18.0573450088501,68.71143224027693,-0.8020467758178711
lstm_w45_huber,3,41,5,10.63741008397122,8.63944206237793,7.985496887211644,-0.09618873596191406
lstm_w45_huber,3,45,5,42.47938988495497,31.45896339416504,2365.265546532498,31.405251693725585
lstm_w45_huber,3,52,5,21.027748611937444,14.744982528686524,29.279525379656164,-12.561664199829101
lstm_w45_huber,3,56,5,42.55875526830374,34.4998083114624,398.55159006867893,-34.44934978485107
lstm_w45_huber,3,62,5,13.194018943138861,10.957650184631348,10.777503123438548,1.573883628845215
lstm_w45_huber,3,73,5,10.869566539789904,8.40134048461914,6.217314867017265,-7.548593902587891
lstm_w45_huber,3,87,5,9.312023820167912,6.822875022888184,7.2275162327616345,3.8092153549194334
lstm_w45_huber,3,90,5,28.738731401028762,25.04235134124756,131.841734768324,25.04235134124756
lstm_w45_huber,3,91,5,8.915197009816346,8.257476806640625,5.9774994702769195,1.5161312103271485
lstm_w45_huber,4,1,5,18.55435147349749,13.377052307128906,48.239334975891694,10.853826904296875
lstm_w45_huber,4,11,5,21.921663485281567,14.934236145019531,34.099802814087575,-14.059754943847656
lstm_w45_huber,4,23,5,17.82836710010842,11.163661766052247,40.80653447559619,10.156540870666504
lstm_w45_huber,4,28,5,23.057596240988374,17.77452144622803,68.7888226222688,17.77452144622803
lstm_w45_huber,4,44,5,18.129094925321066,14.846538162231445,29.403467936472676,8.359687423706054
lstm_w45_huber,4,54,5,27.802581382543988,17.353245162963866,78.87716640267328,-17.053824996948244
lstm_w45_huber,4,58,5,52.617341632527705,31.92247133255005,86093.4887084337,31.72308530807495
lstm_w45_huber,4,61,5,21.907941367874077,17.292790412902832,60.60480986655259,16.215743827819825
lstm_w45_huber,4,63,5,46.88517053241884,28.94230537414551,10989.532455925131,28.220005416870116
lstm_w45_huber,4,65,5,17.115653547204154,14.03773374557495,27.63313592853052,13.381960773468018
lstm_w45_huber,4,67,5,42.492599825310656,28.689316177368163,990.7184211576341,-28.689316177368163
lstm_w45_huber,4,70,5,44.62117908918704,33.04874057769776,4602.275230011195,33.04874057769776
lstm_w45_huber,4,71,5,8.18577721209325,5.516226005554199,5.725033769888273,3.663345146179199
lstm_w45_huber,4,82,5,12.131872985636099,9.02420711517334,11.626399297609431,0.41020755767822265
lstm_w45_huber,4,85,5,25.268369430105217,18.33991069793701,177.2095485275587,11.309976387023926
lstm_w45_huber,4,92,5,29.89787302634695,24.899475860595704,79.80065492776124,-21.48307571411133
lstm_w45_huber,4,94,5,25.732811582393623,17.237806224822997,69.56402178966982,-17.237806224822997
lstm_w45_huber,5,4,5,22.582247923453004,15.963447189331054,100.06113451844226,9.518690872192384
lstm_w45_huber,5,5,5,11.503394397571238,10.827413368225098,7.025560492936283,-10.827413368225098
lstm_w45_huber,5,12,5,11.447984430195472,8.831465339660644,10.244471645485032,4.735803413391113
lstm_w45_huber,5,14,5,35.00815305831718,22.931500816345213,1482.2521689325213,10.48936824798584
lstm_w45_huber,5,15,5,4.311866188152064,3.5235483169555666,1.6985340914517448,-3.167258644104004
lstm_w45_huber,5,18,5,12.637913650126256,10.128702163696289,9.975825306386778,1.6979183197021483
lstm_w45_huber,5,30,5,17.383933306767478,14.085416984558105,26.43022795204681,12.256184577941895
lstm_w45_huber,5,32,5,17.170950919880802,9.628408050537109,44.336805074172815,5.548087310791016
lstm_w45_huber,5,35,5,27.653402762182612,17.767140769958495,220.26066500459044,17.225750160217284
lstm_w45_huber,5,37,5,14.76460284936353,10.160806465148926,21.992158416189575,5.177166938781738
lstm_w45_huber,5,42,5,30.255402910505342,21.967601585388184,477.39172369162503,21.967601585388184
lstm_w45_huber,5,64,5,47.744432919220195,38.901065063476565,497.9119795084452,-38.901065063476565
lstm_w45_huber,5,74,5,25.708597554104514,17.351333332061767,194.18103766852767,16.60350980758667
lstm_w45_huber,5,80,5,15.249544507727299,10.711279106140136,24.752402705857442,10.5579439163208
lstm_w45_huber,5,89,5,15.345231559838398,10.98778247833252,13.484192454104711,-6.871159553527832
lstm_w45_huber,5,96,5,48.781343707678694,36.55165061950684,783.0218223921241,-35.949950790405275
lstm_w45_huber,5,98,5,24.51513652546337,17.117168807983397,102.28431284848747,17.117168807983397
gru_w60_huber,1,16,5,27.228012716025585,14.786528968811036,103.88445407319968,-14.786528968811036
gru_w60_huber,1,20,5,17.601906509340274,10.2268310546875,19.819102656777883,-8.49175567626953
gru_w60_huber,1,21,5,27.86035382743246,20.496282005310057,205.96260710954468,11.617980003356934
gru_w60_huber,1,29,5,29.603386586377127,19.86795320510864,434.7793812407881,19.44197721481323
gru_w60_huber,1,36,5,12.653794223686235,7.538409805297851,16.185060235527214,7.3553730010986325
gru_w60_huber,1,40,5,14.05199811710051,10.394868564605712,10.994836246513213,-5.6257599830627445
gru_w60_huber,1,47,5,17.70579424888126,11.113621139526368,20.349829473779263,-5.78876838684082
gru_w60_huber,1,59,5,13.117889784836128,10.733764266967773,9.672797820260325,-4.835641860961914
gru_w60_huber,1,66,5,6.614371044641088,4.371250915527344,2.669507864577949,-3.500105285644531
gru_w60_huber,1,68,5,11.467997202526705,9.726833915710449,9.417037176151565,4.0868528366088865
gru_w60_huber,1,69,5,49.500030155518346,36.23439311981201,1566.4671680588187,-32.41889629364014
gru_w60_huber,1,72,5,13.789561048395084,11.515329551696777,14.938321456270506,2.0231374740600585
gru_w60_huber,1,76,5,6.298472245501297,4.925555419921875,2.6879006863487334,-4.4839630126953125
gru_w60_huber,1,79,5,14.86482161270512,11.679524040222168,19.75592819359013,11.501642036437989
gru_w60_huber,1,83,5,17.661901977484643,13.673942565917969,17.232244636120843,-11.12029571533203
gru_w60_huber,1,86,5,19.77780802770791,16.24201774597168,19.78546166249438,-16.24201774597168
gru_w60_huber,1,95,5,18.052829553823884,9.675374603271484,21.68265192717901,-7.842786407470703
gru_w60_huber,2,2,5,39.34666207067152,28.980155658721923,504.23954958577593,-28.980155658721923
gru_w60_huber,2,9,5,23.14437450101467,15.120658874511719,130.79068597565131,13.995439147949218
gru_w60_huber,2,13,5,30.932349894196452,19.189429569244385,617.5120762881091,18.149774837493897
gru_w60_huber,2,19,5,16.659469854069705,13.23236665725708,24.718479992312012,7.01233549118042
gru_w60_huber,2,25,5,14.042228854825307,10.279348182678223,10.624381521528523,-10.279348182678223
gru_w60_huber,2,39,5,22.16179131230872,15.492531013488769,106.86876934411873,14.800851249694825
gru_w60_huber,2,43,5,9.002948291140056,7.920591259002686,4.7285157019653905,-7.920591259002686
gru_w60_huber,2,48,5,11.913439016203192,10.095774936676026,11.481923721060385,3.781544399261475
gru_w60_huber,2,51,5,13.08585992817544,8.379404067993164,17.234422377255743,4.064669418334961
gru_w60_huber,2,53,5,23.290129625122443,13.924144554138184,166.64804388550164,7.496802711486817
gru_w60_huber,2,55,5,17.12310501388277,11.844282722473144,32.30535699560759,9.333228874206544
gru_w60_huber,2,57,5,40.90630426095498,28.558805847167967,1207.4692392081017,28.271905517578126
gru_w60_huber,2,60,5,10.567612811117513,7.581243324279785,9.818539374504915,5.836502647399902
gru_w60_huber,2,75,5,22.930675352363362,17.05049352645874,39.558937318242485,-14.938036251068116
gru_w60_huber,2,78,5,11.14579808084733,9.551841449737548,6.701974653238337,-8.399876117706299
gru_w60_huber,2,99,5,42.66297779158196,23.403089189529418,12687.826087574887,14.39006266593933
gru_w60_huber,2,100,5,22.749055370586518,15.245957374572754,126.06339915812131,8.93686122894287
gru_w60_huber,3,3,5,20.968063207677147,16.12598819732666,61.55473610608975,16.12598819732666
gru_w60_huber,3,6,5,13.32404107155233,10.534025859832763,14.368228596946038,9.658894062042236
gru_w60_huber,3,7,5,35.7698367784899,28.376087760925294,159.38755764787294,-28.32358112335205
gru_w60_huber,3,8,5,27.336575544733382,19.974487113952637,137.57116863475963,19.974487113952637
gru_w60_huber,3,10,5,6.025856506705645,4.723672103881836,3.4470833194693737,2.603255844116211
gru_w60_huber,3,17,5,43.83050656992793,31.851594734191895,625.6254653729482,-31.851594734191895
gru_w60_huber,3,24,5,8.748149441663497,6.510568237304687,6.366303699484566,6.304024505615234
gru_w60_huber,3,26,5,16.559396501939293,12.998968696594238,26.170935314925238,2.099569892883301
gru_w60_huber,3,41,5,13.759095040917554,10.637165069580078,9.295981296521992,-9.884445953369141
gru_w60_huber,3,45,5,16.142476994373453,12.625230026245116,25.746723935602155,12.625230026245116
gru_w60_huber,3,52,5,12.617811982769899,11.193369102478027,8.03831698902459,-11.193369102478027
gru_w60_huber,3,56,5,34.92299647648599,26.21369915008545,169.47030065133717,-26.21369915008545
gru_w60_huber,3,62,5,13.331990503433865,11.291639423370361,14.833977586561485,10.750403118133544
gru_w60_huber,3,73,5,10.676266554218532,8.308831596374512,6.422844582271349,-4.89963665008545
gru_w60_huber,3,87,5,22.71953914009436,18.378082275390625,44.56452633850376,5.0930938720703125
gru_w60_huber,3,90,5,19.814282470165065,16.82525110244751,37.94063396704502,16.40168676376343
gru_w60_huber,3,91,5,12.982918606600657,11.114566802978516,14.29543134227185,11.114566802978516
gru_w60_huber,4,1,5,14.39264446771654,9.696355247497559,20.702282693807852,5.158312034606934
gru_w60_huber,4,11,5,7.810743172751853,6.487506103515625,4.344363056770512,-2.257525634765625
gru_w60_huber,4,23,5,27.684382728516724,19.590542030334472,279.983366842112,18.46689395904541
gru_w60_huber,4,28,5,28.451829623420917,23.264512825012208,162.85440968991878,23.264512825012208
gru_w60_huber,4,44,5,20.73722987397371,15.272145080566407,67.43885676598322,15.272145080566407
gru_w60_huber,4,54,5,7.597535313615636,6.093401145935059,3.5532949933801037,-6.093401145935059
gru_w60_huber,4,58,5,30.79978038864413,22.287154483795167,355.67493215158413,22.287154483795167
gru_w60_huber,4,61,5,31.957998118519768,25.84694061279297,189.46264527052574,25.84694061279297
gru_w60_huber,4,63,5,22.862492974923313,16.151194763183593,113.06318508196796,9.761390686035156
gru_w60_huber,4,65,5,46.32521602159008,36.11302165985107,4930.9273388741085,36.11302165985107
gru_w60_huber,4,67,5,29.976686266831592,22.175365829467772,86.27962353986928,-22.175365829467772
gru_w60_huber,4,70,5,42.90571287778605,32.79669055938721,1452.7839303408298,32.79669055938721
gru_w60_huber,4,71,5,12.688011869277776,9.62713623046875,8.475728802133734,-6.326235961914063
gru_w60_huber,4,82,5,19.46288398426851,10.288329696655273,75.27187979029092,8.567490005493164
gru_w60_huber,4,85,5,17.294800854567637,13.568931674957275,32.57271551641258,5.579264736175537
gru_w60_huber,4,92,5,37.562134732461026,29.717385387420656,308.5661967414536,-29.717385387420656
gru_w60_huber,4,94,5,27.210141062709734,20.047910022735596,51.74934650434445,-20.047910022735596
gru_w60_huber,5,4,5,52.670186004465705,45.68095092773437,6019.15962183535,23.604949951171875
gru_w60_huber,5,5,5,67.28390546848365,56.88094787597656,7547.043256509238,-6.7950439453125
gru_w60_huber,5,12,5,35.10208017452493,27.86252098083496,509.5286770818216,14.824511337280274
gru_w60_huber,5,14,5,23.126812890157964,16.85070037841797,46.02095475535161,-0.42532806396484374
gru_w60_huber,5,15,5,54.219975690812674,48.28097229003906,5455.898949856017,17.004977416992187
gru_w60_huber,5,18,5,52.76522867402217,46.28096923828125,5461.38584210537,21.404974365234374
gru_w60_huber,5,30,5,52.76524495643274,46.28097839355469,5461.409669287585,21.404989624023436
gru_w60_huber,5,32,5,38.58553439962485,28.837413597106934,207.40476966248357,-28.161542701721192
gru_w60_huber,5,35,5,52.37155223195002,44.68095703125,6080.871501794181,26.6049560546875
gru_w60_huber,5,37,5,35.33223122484862,28.63864936828613,510.6390002744218,15.600648880004883
gru_w60_huber,5,42,5,52.902569127126704,46.480960083007815,5464.004869938608,20.804959106445313
gru_w60_huber,5,64,5,61.26078584599028,44.48323421478271,8004.440879073077,-29.121274375915526
gru_w60_huber,5,74,5,52.47896378284426,44.042973327636716,6811.760744396714,32.60497283935547
gru_w60_huber,5,80,5,35.65992242444121,29.57237129211426,392.5520454155696,9.496345901489258
gru_w60_huber,5,89,5,55.44875251542032,49.480963134765624,5008.868373441683,13.004965209960938
gru_w60_huber,5,96,5,82.30283686609631,59.73130836486816,171380.29364349984,-48.369333267211914
gru_w60_huber,5,98,5,52.867725901795055,44.64297943115234,6937.367191104131,36.00497894287109
lstm_w60_huber,1,16,5,23.12730815057156,17.58629455566406,40.12785926432713,-17.58629455566406
lstm_w60_huber,1,20,5,15.856991739362169,10.839488792419434,14.176939502532889,-6.778120994567871
lstm_w60_huber,1,21,5,16.819305008074934,14.195370483398438,20.66667753138043,5.7885986328125
lstm_w60_huber,1,29,5,18.527621273741158,14.360743045806885,38.72217648713192,14.325072383880615
lstm_w60_huber,1,36,5,14.242370342434679,9.133889389038085,11.508435124003991,-3.1036045074462892
lstm_w60_huber,1,40,5,16.941541602138315,12.023031997680665,17.39095787690699,-2.6820232391357424
lstm_w60_huber,1,47,5,14.202559608507995,10.715146827697755,17.066181920159373,5.062461280822754
lstm_w60_huber,1,59,5,10.7900639879271,8.211663627624512,9.794062945201029,4.108561897277832
lstm_w60_huber,1,66,5,6.407720743768493,5.532574844360352,2.9031078660098846,-5.532574844360352
lstm_w60_huber,1,68,5,15.159655083987541,13.152921676635742,14.688613836020108,3.2361560821533204
lstm_w60_huber,1,69,5,74.6447531400092,50.01742820739746,140348.4170218448,-50.01742820739746
lstm_w60_huber,1,72,5,6.98251898243772,5.802018833160401,3.2186886350962407,-5.802018833160401
lstm_w60_huber,1,76,5,6.989871019151206,5.670409774780273,3.8945812520099943,-0.8841464996337891
lstm_w60_huber,1,79,5,18.970202011086563,15.765580749511718,33.39852706892986,15.436282348632812
lstm_w60_huber,1,83,5,26.34161955638482,19.278395462036134,74.26372760262899,-3.930324172973633
lstm_w60_huber,1,86,5,22.387076781492805,16.22080898284912,34.048604509899214,-16.22080898284912
lstm_w60_huber,1,95,5,41.088038097366876,23.569403076171874,1074.9024269142085,-22.11620330810547
lstm_w60_huber,2,2,5,19.48596400826613,14.686130332946778,22.343853189479496,-14.059824180603027
lstm_w60_huber,2,9,5,18.17039591447026,13.894663619995118,34.83527967566195,13.894663619995118
lstm_w60_huber,2,13,5,12.798573344909904,11.019350051879883,13.212734539011471,11.019350051879883
lstm_w60_huber,2,19,5,15.82147283693566,10.978224182128907,27.99772786950964,7.261915588378907
lstm_w60_huber,2,25,5,20.307508527519527,14.013942527770997,25.826215727025755,-11.915863609313964
lstm_w60_huber,2,39,5,19.96629961348185,15.87547035217285,44.170907384808785,15.87547035217285
lstm_w60_huber,2,43,5,14.69796630442552,11.958088874816895,19.882855454845497,8.268494987487793
lstm_w60_huber,2,48,5,19.04506924729228,13.663657188415527,21.75478458664743,-9.168704795837403
lstm_w60_huber,2,51,5,12.28921286336314,8.95372142791748,12.601553118830353,4.748686027526856
lstm_w60_huber,2,53,5,21.775887647571725,15.849030494689941,36.06305580950987,-3.877567100524902
lstm_w60_huber,2,55,5,13.40864783234529,9.645579147338868,17.058867357255846,4.87579231262207
lstm_w60_huber,2,57,5,17.753920136496212,12.226452255249024,40.727004871561896,8.375453567504882
lstm_w60_huber,2,60,5,14.58920745429646,10.765604019165039,12.576277148456297,-0.8762165069580078
lstm_w60_huber,2,75,5,21.681513668700674,19.322118186950682,38.26052393815888,-6.113268089294434
lstm_w60_huber,2,78,5,7.662182907140811,6.298795127868653,3.6918320017063952,-5.601566123962402
lstm_w60_huber,2,99,5,14.863784980093042,11.455869674682617,20.934287643067844,5.476686477661133
lstm_w60_huber,2,100,5,10.27517172449385,7.097563934326172,5.489169849917232,-7.097563934326172
lstm_w60_huber,3,3,5,9.38922649739526,7.441872215270996,7.697533190684965,7.441872215270996
lstm_w60_huber,3,6,5,13.615395889011348,9.901368951797485,10.07409030643187,-7.644005060195923
lstm_w60_huber,3,7,5,25.411677468438125,19.80082893371582,42.481302910747395,-11.314865493774414
lstm_w60_huber,3,8,5,19.55523818416991,15.08756685256958,41.926127205370236,14.542412090301514
lstm_w60_huber,3,10,5,9.426860793927226,6.900545883178711,7.225398964337886,0.7476352691650391
lstm_w60_huber,3,17,5,34.579906422814716,27.28697853088379,113.80106518479485,-15.638391494750977
lstm_w60_huber,3,24,5,12.887566197641021,11.15169916152954,13.16330315804908,11.15169916152954
lstm_w60_huber,3,26,5,24.695583714974983,17.579937553405763,48.10177864630857,-11.447271919250488
lstm_w60_huber,3,41,5,12.104928313118457,9.375578880310059,7.586638505421535,-5.554960060119629
lstm_w60_huber,3,45,5,31.50793834253798,23.65769519805908,348.2251200899009,23.65769519805908
lstm_w60_huber,3,52,5,14.900701421225675,10.080443954467773,11.977020873265207,-9.504970932006836
lstm_w60_huber,3,56,5,37.36496131502789,29.808575296401976,282.6952869243694,-29.808575296401976
lstm_w60_huber,3,62,5,9.946126860911615,8.889873886108399,8.522999764612043,8.889873886108399
lstm_w60_huber,3,73,5,6.599598900634299,4.693824768066406,2.8872752321844395,-2.5966445922851564
lstm_w60_huber,3,87,5,15.33946549849439,11.593128299713134,13.947089988760029,-1.512325382232666
lstm_w60_huber,3,90,5,22.301000970013092,19.091308212280275,54.5453630636888,19.091308212280275
lstm_w60_huber,3,91,5,8.855464171381486,8.252766990661621,6.984498453379046,8.252766990661621
lstm_w60_huber,4,1,5,22.432325041915604,17.078621101379394,66.91740553965884,10.964563179016114
lstm_w60_huber,4,11,5,11.792741690877174,9.387038230895996,7.048624786579072,-8.423525047302245
lstm_w60_huber,4,23,5,27.501878969168825,16.40723419189453,423.308449021212,15.453791046142578
lstm_w60_huber,4,28,5,34.743801739078485,25.198383331298828,471.2202202538703,25.198383331298828
lstm_w60_huber,4,44,5,13.019846718701679,9.961456298828125,12.854958193735866,3.856640625
lstm_w60_huber,4,54,5,19.058984135044792,15.123886489868164,19.558947096262234,-15.123886489868164
lstm_w60_huber,4,58,5,26.864401099324613,21.713915252685545,104.27747971830131,21.713915252685545
lstm_w60_huber,4,61,5,35.44355871172756,25.074188804626466,511.8943392523949,25.074188804626466
lstm_w60_huber,4,63,5,23.796514408756682,14.3173095703125,179.2118263586033,9.95384521484375
lstm_w60_huber,4,65,5,25.957180876817688,21.030716323852538,98.14057929206378,21.030716323852538
lstm_w60_huber,4,67,5,23.205552578287733,17.10768985748291,41.06111683437529,-17.10768985748291
lstm_w60_huber,4,70,5,52.407450756070155,36.73051977157593,33867.01338720525,36.73051977157593
lstm_w60_huber,4,71,5,5.841303568242368,3.634006690979004,2.1940842162152543,-2.4204885482788088
lstm_w60_huber,4,82,5,12.257742319261853,7.905021095275879,14.297301409083339,4.914131736755371
lstm_w60_huber,4,85,5,4.54591117655568,3.70001335144043,2.4852786124984014,3.70001335144043
lstm_w60_huber,4,92,5,29.391179564768496,22.796049118041992,103.85399151436164,-22.796049118041992
lstm_w60_huber,4,94,5,28.37375498514437,19.242793560028076,83.49261220291692,-19.242793560028076
lstm_w60_huber,5,4,5,36.77938069763744,25.404254055023195,2066.8645221083284,11.638220310211182
lstm_w60_huber,5,5,5,15.138499433534644,14.619512176513672,11.098150198616088,-14.619512176513672
lstm_w60_huber,5,12,5,7.06112210497002,5.3665416717529295,4.408419787064659,3.2093502044677735
lstm_w60_huber,5,14,5,16.335832421725705,13.269731140136718,17.198218070194784,-0.34431915283203124
lstm_w60_huber,5,15,5,7.083902401035679,5.973276615142822,3.278300567578384,-5.789145755767822
lstm_w60_huber,5,18,5,8.595789828387558,6.31861629486084,4.617130185984315,-1.0335638046264648
lstm_w60_huber,5,30,5,17.046366864808334,13.859978675842285,24.36103898714652,12.748056983947754
lstm_w60_huber,5,32,5,18.854087365720353,13.800511264801026,43.37193999921378,7.003716945648193
lstm_w60_huber,5,35,5,25.879171299703064,15.365014934539795,270.05721235431963,12.735363483428955
lstm_w60_huber,5,37,5,11.932476207733096,7.753090572357178,13.600728033913711,5.998693180084229
lstm_w60_huber,5,42,5,18.023171316049524,13.532611083984374,20.831919228786393,0.756085205078125
lstm_w60_huber,5,64,5,25.956885955598295,22.508165550231933,37.77050364670046,-22.508165550231933
lstm_w60_huber,5,74,5,21.072747301271352,16.499461269378664,52.43814435717479,11.175711154937744
lstm_w60_huber,5,80,5,10.03418749224082,7.957841491699218,8.026282114877313,4.450228881835938
lstm_w60_huber,5,89,5,20.703105709794524,15.799799060821533,29.171658804879876,-7.285907459259033
lstm_w60_huber,5,96,5,50.62032523601445,40.751777267456056,745.2856381725484,-40.751777267456056
lstm_w60_huber,5,98,5,7.804240486930973,6.8973695755004885,5.594667938965543,6.8973695755004885
