candidate_id,fold,model,window,train_engine_count,validation_engine_count,validation_sample_count,RMSE,MAE,R2,NASA_total,NASA_mean,signed_bias_mean,training_time,parameters,notes,feature_count
rf_w60,1,rf,60,68,17,85,35.8323,29.3873,0.6478,42419.01,499.0472,11.059,89.6,n_estimators=300,variable-history features (observed cycles up to cutoff only),191
rf_w90,1,rf,90,68,17,85,29.1994,22.296,0.7662,10969.18,129.0492,7.3423,84.25,n_estimators=300,variable-history features (observed cycles up to cutoff only),191
rf_w90,2,rf,90,68,17,85,30.17,24.8592,0.6631,14743.19,173.4493,20.7532,90.32,n_estimators=300,variable-history features (observed cycles up to cutoff only),191
rf_w90,3,rf,90,68,17,85,31.9632,22.3859,0.6277,591482.01,6958.6119,13.5306,82.32,n_estimators=300,variable-history features (observed cycles up to cutoff only),191
rf_w90,4,rf,90,68,17,85,34.5474,26.7075,0.6381,35443.96,416.9877,15.551,86.76,n_estimators=300,variable-history features (observed cycles up to cutoff only),191
rf_w90,5,rf,90,68,17,85,29.8519,22.54,0.7063,30886.98,363.3762,13.2342,84.23,n_estimators=300,variable-history features (observed cycles up to cutoff only),191
xgb_w60_d6,1,xgboost,60,68,17,85,32.6317,26.7217,0.7079,11626.42,136.7814,12.2289,6.65,"n_estimators=500,max_depth=6,lr=0.05,es=30",variable-history features; early stopping on validation engines,191
xgb_w60_d6,2,xgboost,60,68,17,85,37.6196,33.5043,0.4762,12881.83,151.551,29.9423,3.13,"n_estimators=500,max_depth=6,lr=0.05,es=30",variable-history features; early stopping on validation engines,191
xgb_w60_d6,3,xgboost,60,68,17,85,33.5361,29.7788,0.5902,4042.08,47.5539,20.4793,4.45,"n_estimators=500,max_depth=6,lr=0.05,es=30",variable-history features; early stopping on validation engines,191
xgb_w60_d6,4,xgboost,60,68,17,85,38.4087,33.8912,0.5527,11369.22,133.7556,23.4525,4.43,"n_estimators=500,max_depth=6,lr=0.05,es=30",variable-history features; early stopping on validation engines,191
xgb_w60_d6,5,xgboost,60,68,17,85,34.1323,30.2637,0.616,7213.35,84.863,23.3201,6.04,"n_estimators=500,max_depth=6,lr=0.05,es=30",variable-history features; early stopping on validation engines,191
xgb_w90_d6,1,xgboost,90,68,17,85,26.0129,19.4458,0.8144,3874.46,45.5819,5.6633,7.4,"n_estimators=500,max_depth=6,lr=0.05,es=30",variable-history features; early stopping on validation engines,191
xgb_w90_d6,2,xgboost,90,68,17,85,30.7435,26.1132,0.6502,6294.04,74.0475,22.397,3.72,"n_estimators=500,max_depth=6,lr=0.05,es=30",variable-history features; early stopping on validation engines,191
xgb_w90_d6,3,xgboost,90,68,17,85,26.3914,21.9453,0.7462,2650.83,31.1863,14.2057,3.53,"n_estimators=500,max_depth=6,lr=0.05,es=30",variable-history features; early stopping on validation engines,191
xgb_w90_d6,4,xgboost,90,68,17,85,32.1921,26.2479,0.6858,7396.15,87.0135,15.6717,4.99,"n_estimators=500,max_depth=6,lr=0.05,es=30",variable-history features; early stopping on validation engines,191
xgb_w90_d6,5,xgboost,90,68,17,85,26.6266,20.5657,0.7663,8254.22,97.1085,12.4419,4.29,"n_estimators=500,max_depth=6,lr=0.05,es=30",variable-history features; early stopping on validation engines,191
gru_w45_huber,1,gru,45,68,17,85,28.9316,17.9852,0.7704,10745.87,126.422,-10.2289,216.91,m1_gru;loss=huber;bs=256;es_patience=8,padded+masked training sequences (shared history builder); raw-RUL targets,21
gru_w45_huber,2,gru,45,68,17,85,23.2868,15.2958,0.7993,3491.07,41.0715,3.7067,256.88,m1_gru;loss=huber;bs=256;es_patience=8,padded+masked training sequences (shared history builder); raw-RUL targets,21
gru_w45_huber,3,gru,45,68,17,85,21.7845,15.1092,0.8271,1906.64,22.4311,1.1452,222.25,m1_gru;loss=huber;bs=256;es_patience=8,padded+masked training sequences (shared history builder); raw-RUL targets,21
gru_w45_huber,4,gru,45,68,17,85,27.5711,18.1969,0.7695,10579.75,124.4676,1.7536,464.99,m1_gru;loss=huber;bs=256;es_patience=8,padded+masked training sequences (shared history builder); raw-RUL targets,21
gru_w45_huber,5,gru,45,68,17,85,20.6891,13.4317,0.8589,2415.85,28.4217,2.3848,446.49,m1_gru;loss=huber;bs=256;es_patience=8,padded+masked training sequences (shared history builder); raw-RUL targets,21
lstm_w45_huber,1,lstm,45,68,17,85,24.3217,16.5345,0.8378,2298.49,27.0411,-2.9869,279.97,m1_lstm;loss=huber;bs=256;es_patience=8,padded+masked training sequences (shared history builder); raw-RUL targets,21
lstm_w45_huber,2,lstm,45,68,17,85,20.6055,13.4719,0.8429,10396.95,122.317,4.1519,227.92,m1_lstm;loss=huber;bs=256;es_patience=8,padded+masked training sequences (shared history builder); raw-RUL targets,21
lstm_w45_huber,3,lstm,45,68,17,85,23.1977,15.1618,0.8039,3725.75,43.8323,0.1513,247.21,m1_lstm;loss=huber;bs=256;es_patience=8,padded+masked training sequences (shared history builder); raw-RUL targets,21
lstm_w45_huber,4,lstm,45,68,17,85,29.427,18.7294,0.7374,103408.39,1216.5693,5.0938,269.27,m1_lstm;loss=huber;bs=256;es_patience=8,padded+masked training sequences (shared history builder); raw-RUL targets,21
lstm_w45_huber,5,lstm,45,68,17,85,25.5083,16.3197,0.7855,4017.31,47.2624,2.187,277.45,m1_lstm;loss=huber;bs=256;es_patience=8,padded+masked training sequences (shared history builder); raw-RUL targets,21
gru_w60_huber,1,gru,60,68,17,85,21.2163,13.1296,0.8765,2496.28,29.3681,-3.477,355.08,m1_gru;loss=huber;bs=256;es_patience=8,padded+masked training sequences (shared history builder); raw-RUL targets,21
gru_w60_huber,2,gru,60,68,17,85,24.2645,15.05,0.7821,15704.59,184.7599,3.856,399.19,m1_gru;loss=huber;bs=256;es_patience=8,padded+masked training sequences (shared history builder); raw-RUL targets,21
gru_w60_huber,3,gru,60,68,17,85,21.8954,15.1578,0.8253,1365.1,16.06,0.0226,424.41,m1_gru;loss=huber;bs=256;es_patience=8,padded+masked training sequences (shared history builder); raw-RUL targets,21
gru_w60_huber,4,gru,60,68,17,85,27.3326,18.7661,0.7735,8143.7,95.8083,6.8527,314.87,m1_gru;loss=huber;bs=256;es_patience=8,padded+masked training sequences (shared history builder); raw-RUL targets,21
gru_w60_huber,5,gru,60,68,17,85,52.1745,41.6888,0.1028,241298.65,2838.8076,8.2055,206.58,m1_gru;loss=huber;bs=256;es_patience=8,padded+masked training sequences (shared history builder); raw-RUL targets,21
lstm_w60_huber,1,lstm,60,68,17,85,25.9002,14.828,0.816,141759.19,1667.7552,-5.0998,521.24,m1_lstm;loss=huber;bs=256;es_patience=8,padded+masked training sequences (shared history builder); raw-RUL targets,21
lstm_w60_huber,2,lstm,60,68,17,85,16.6312,12.2179,0.8976,397.43,4.6756,1.2403,244.32,m1_lstm;loss=huber;bs=256;es_patience=8,padded+masked training sequences (shared history builder); raw-RUL targets,21
lstm_w60_huber,3,lstm,60,68,17,85,20.3979,14.1526,0.8484,1021.84,12.0217,-0.0733,357.3,m1_lstm;loss=huber;bs=256;es_patience=8,padded+masked training sequences (shared history builder); raw-RUL targets,21
lstm_w60_huber,4,lstm,60,68,17,85,26.0266,16.8476,0.7946,36008.83,423.6333,5.4986,335.91,m1_lstm;loss=huber;bs=256;es_patience=8,padded+masked training sequences (shared history builder); raw-RUL targets,21
lstm_w60_huber,5,lstm,60,68,17,85,21.796,14.4516,0.8434,3357.97,39.5056,-0.9247,337.96,m1_lstm;loss=huber;bs=256;es_patience=8,padded+masked training sequences (shared history builder); raw-RUL targets,21
