candidate_id,fold,model,window,outer_train_engine_count,outer_eval_engine_count,inner_fit_engine_count,inner_stop_engine_count,inner_seed,best_epoch,best_iteration,validation_sample_count,RMSE,MAE,R2,NASA_total,NASA_mean_per_engine,signed_bias_mean,training_time,parameters,notes,feature_count
gru_w45_huber,1,gru,45,68,17,58,10,4201,20,,85,29.2243,18.5819,0.7658,30600.39,1800.0228,-11.658,1038.8,v2_gru;loss=huber;bs=256;fixed_epochs=20,"padded+masked training sequences; fixed-duration retrain, NO validation data; outer eval untouched",21
gru_w45_huber,2,gru,45,68,17,58,10,4202,18,,85,32.8599,21.8548,0.6004,45308.4,2665.2002,15.4832,1036.18,v2_gru;loss=huber;bs=256;fixed_epochs=18,"padded+masked training sequences; fixed-duration retrain, NO validation data; outer eval untouched",21
gru_w45_huber,3,gru,45,68,17,58,10,4203,15,,85,24.475,17.9001,0.7817,2470.14,145.3021,5.295,739.55,v2_gru;loss=huber;bs=256;fixed_epochs=15,"padded+masked training sequences; fixed-duration retrain, NO validation data; outer eval untouched",21
gru_w45_huber,4,gru,45,68,17,58,10,4204,13,,85,30.5563,21.4917,0.7169,18449.04,1085.2376,4.3738,464.62,v2_gru;loss=huber;bs=256;fixed_epochs=13,"padded+masked training sequences; fixed-duration retrain, NO validation data; outer eval untouched",21
gru_w45_huber,5,gru,45,68,17,58,10,4205,12,,85,23.7301,17.6205,0.8144,1860.86,109.4625,6.2224,468.32,v2_gru;loss=huber;bs=256;fixed_epochs=12,"padded+masked training sequences; fixed-duration retrain, NO validation data; outer eval untouched",21
gru_w60_huber,1,gru,60,68,17,58,10,4201,17,,85,25.0627,15.0042,0.8277,19922.02,1171.8834,-8.0139,1099.98,v2_gru;loss=huber;bs=256;fixed_epochs=17,"padded+masked training sequences; fixed-duration retrain, NO validation data; outer eval untouched",21
gru_w60_huber,2,gru,60,68,17,58,10,4202,16,,85,24.7658,15.873,0.773,7664.86,450.8742,6.5504,827.89,v2_gru;loss=huber;bs=256;fixed_epochs=16,"padded+masked training sequences; fixed-duration retrain, NO validation data; outer eval untouched",21
gru_w60_huber,3,gru,60,68,17,58,10,4203,12,,85,24.0084,16.1829,0.79,2128.26,125.192,-3.3219,803.24,v2_gru;loss=huber;bs=256;fixed_epochs=12,"padded+masked training sequences; fixed-duration retrain, NO validation data; outer eval untouched",21
gru_w60_huber,4,gru,60,68,17,58,10,4204,14,,85,28.5948,18.4926,0.7521,18127.03,1066.2958,-2.7264,882.26,v2_gru;loss=huber;bs=256;fixed_epochs=14,"padded+masked training sequences; fixed-duration retrain, NO validation data; outer eval untouched",21
gru_w60_huber,5,gru,60,68,17,58,10,4205,12,,85,58.6637,48.3975,-0.1343,289735.53,17043.2662,23.5713,983.34,v2_gru;loss=huber;bs=256;fixed_epochs=12,"padded+masked training sequences; fixed-duration retrain, NO validation data; outer eval untouched",21
lstm_w45_huber,1,lstm,45,68,17,58,10,4201,16,,85,27.1977,16.7153,0.7971,55221.92,3248.3482,-5.5123,659.47,v2_lstm;loss=huber;bs=256;fixed_epochs=16,"padded+masked training sequences; fixed-duration retrain, NO validation data; outer eval untouched",21
lstm_w45_huber,2,lstm,45,68,17,58,10,4202,10,,85,23.5605,16.6152,0.7945,6984.96,410.88,8.8727,328.23,v2_lstm;loss=huber;bs=256;fixed_epochs=10,"padded+masked training sequences; fixed-duration retrain, NO validation data; outer eval untouched",21
lstm_w45_huber,3,lstm,45,68,17,58,10,4203,11,,85,24.2403,16.0863,0.7859,2410.91,141.8181,-2.3171,339.56,v2_lstm;loss=huber;bs=256;fixed_epochs=11,"padded+masked training sequences; fixed-duration retrain, NO validation data; outer eval untouched",21
lstm_w45_huber,4,lstm,45,68,17,58,10,4204,14,,85,29.427,18.7294,0.7374,103408.39,6082.8467,5.0938,393.55,v2_lstm;loss=huber;bs=256;fixed_epochs=14,"padded+masked training sequences; fixed-duration retrain, NO validation data; outer eval untouched",21
lstm_w45_huber,5,lstm,45,68,17,58,10,4205,11,,85,27.4362,16.9951,0.7519,8276.98,486.8813,-0.3256,303.61,v2_lstm;loss=huber;bs=256;fixed_epochs=11,"padded+masked training sequences; fixed-duration retrain, NO validation data; outer eval untouched",21
lstm_w60_huber,1,lstm,60,68,17,58,10,4201,18,,85,22.9037,13.6515,0.8561,96978.73,5704.6314,-3.2186,600.99,v2_lstm;loss=huber;bs=256;fixed_epochs=18,"padded+masked training sequences; fixed-duration retrain, NO validation data; outer eval untouched",21
lstm_w60_huber,2,lstm,60,68,17,58,10,4202,11,,85,28.1626,18.2198,0.7064,34060.94,2003.585,12.9766,448.56,v2_lstm;loss=huber;bs=256;fixed_epochs=11,"padded+masked training sequences; fixed-duration retrain, NO validation data; outer eval untouched",21
lstm_w60_huber,3,lstm,60,68,17,58,10,4203,12,,85,22.6474,16.5266,0.8131,1696.63,99.802,5.3861,486.08,v2_lstm;loss=huber;bs=256;fixed_epochs=12,"padded+masked training sequences; fixed-duration retrain, NO validation data; outer eval untouched",21
lstm_w60_huber,4,lstm,60,68,17,58,10,4204,16,,85,30.6556,18.7061,0.7151,24804.56,1459.0919,6.9468,641.29,v2_lstm;loss=huber;bs=256;fixed_epochs=16,"padded+masked training sequences; fixed-duration retrain, NO validation data; outer eval untouched",21
lstm_w60_huber,5,lstm,60,68,17,58,10,4205,15,,85,26.5979,16.3304,0.7668,19432.57,1143.0924,-1.6991,609.75,v2_lstm;loss=huber;bs=256;fixed_epochs=15,"padded+masked training sequences; fixed-duration retrain, NO validation data; outer eval untouched",21
rf_w60,1,rf,60,68,17,58,10,,,,85,35.8323,29.3873,0.6478,42419.01,2495.2361,11.059,80.53,n_estimators=300,variable-history features (observed cycles up to cutoff only); no early stopping,21
rf_w60,2,rf,60,68,17,58,10,,,,85,36.6844,31.9233,0.5019,47152.75,2773.6914,27.5336,80.31,n_estimators=300,variable-history features (observed cycles up to cutoff only); no early stopping,21
rf_w60,3,rf,60,68,17,58,10,,,,85,36.0385,30.4972,0.5267,13312.03,783.0607,19.8184,81.42,n_estimators=300,variable-history features (observed cycles up to cutoff only); no early stopping,21
rf_w60,4,rf,60,68,17,58,10,,,,85,42.5085,36.6191,0.4521,50666.6,2980.3884,24.1085,80.92,n_estimators=300,variable-history features (observed cycles up to cutoff only); no early stopping,21
rf_w60,5,rf,60,68,17,58,10,,,,85,37.5938,32.2566,0.5342,11536.05,678.5914,23.8302,80.89,n_estimators=300,variable-history features (observed cycles up to cutoff only); no early stopping,21
rf_w90,1,rf,90,68,17,58,10,,,,85,29.1994,22.296,0.7662,10969.18,645.2458,7.3423,79.02,n_estimators=300,variable-history features (observed cycles up to cutoff only); no early stopping,21
rf_w90,2,rf,90,68,17,58,10,,,,85,30.17,24.8592,0.6631,14743.19,867.2466,20.7532,80.42,n_estimators=300,variable-history features (observed cycles up to cutoff only); no early stopping,21
rf_w90,3,rf,90,68,17,58,10,,,,85,31.9632,22.3859,0.6277,591482.01,34793.0593,13.5306,82.02,n_estimators=300,variable-history features (observed cycles up to cutoff only); no early stopping,21
rf_w90,4,rf,90,68,17,58,10,,,,85,34.5474,26.7075,0.6381,35443.96,2084.9387,15.551,80.64,n_estimators=300,variable-history features (observed cycles up to cutoff only); no early stopping,21
rf_w90,5,rf,90,68,17,58,10,,,,85,29.8519,22.54,0.7063,30886.98,1816.8811,13.2342,79.84,n_estimators=300,variable-history features (observed cycles up to cutoff only); no early stopping,21
xgb_w60_d6,1,xgboost,60,68,17,58,10,4201,,93,85,32.6904,26.8809,0.7069,11584.63,681.4489,12.1971,13.26,"n_estimators=94,max_depth=6",variable-history features; fixed n_estimators = best_iteration + 1; outer eval untouched,21
xgb_w60_d6,2,xgboost,60,68,17,58,10,4202,,75,85,36.5656,32.363,0.5051,12451.78,732.4576,29.0037,12.56,"n_estimators=76,max_depth=6",variable-history features; fixed n_estimators = best_iteration + 1; outer eval untouched,21
xgb_w60_d6,3,xgboost,60,68,17,58,10,4203,,178,85,33.5065,29.7157,0.5909,4122.81,242.5184,20.4643,17.23,"n_estimators=179,max_depth=6",variable-history features; fixed n_estimators = best_iteration + 1; outer eval untouched,21
xgb_w60_d6,4,xgboost,60,68,17,58,10,4204,,148,85,38.2937,33.742,0.5554,11454.67,673.8043,23.1493,15.62,"n_estimators=149,max_depth=6",variable-history features; fixed n_estimators = best_iteration + 1; outer eval untouched,21
xgb_w60_d6,5,xgboost,60,68,17,58,10,4205,,66,85,35.2692,31.3719,0.59,7063.36,415.492,24.202,12.11,"n_estimators=67,max_depth=6",variable-history features; fixed n_estimators = best_iteration + 1; outer eval untouched,21
xgb_w90_d6,1,xgboost,90,68,17,58,10,4201,,100,85,26.0946,19.555,0.8132,3634.19,213.776,5.497,13.88,"n_estimators=101,max_depth=6",variable-history features; fixed n_estimators = best_iteration + 1; outer eval untouched,21
xgb_w90_d6,2,xgboost,90,68,17,58,10,4202,,91,85,29.616,24.3184,0.6754,7259.32,427.0191,20.8562,14.14,"n_estimators=92,max_depth=6",variable-history features; fixed n_estimators = best_iteration + 1; outer eval untouched,21
xgb_w90_d6,3,xgboost,90,68,17,58,10,4203,,69,85,25.643,20.731,0.7604,3254.79,191.4585,13.1157,12.9,"n_estimators=70,max_depth=6",variable-history features; fixed n_estimators = best_iteration + 1; outer eval untouched,21
xgb_w90_d6,4,xgboost,90,68,17,58,10,4204,,97,85,32.1987,26.2097,0.6856,7524.33,442.6075,15.599,14.21,"n_estimators=98,max_depth=6",variable-history features; fixed n_estimators = best_iteration + 1; outer eval untouched,21
xgb_w90_d6,5,xgboost,90,68,17,58,10,4205,,53,85,28.2122,22.5762,0.7377,9609.24,565.2494,14.0732,11.73,"n_estimators=54,max_depth=6",variable-history features; fixed n_estimators = best_iteration + 1; outer eval untouched,21
